{"cameraMode":{"drawMode":0,"name":"Shaded","section":"Shading Mode"},"sceneLighting":true,"audioPlay":false,"sceneViewState":{"showFog":true,"showMaterialUpdate":false,"showSkybox":true,"showFlares":false,"showImageEffects":false,"showParticleSystems":true},"in2DMode":false,"pivot":{"x":-6.770000457763672,"y":5.436999797821045,"z":-10.460000038146973},"rotation":{"x":0.15520258247852326,"y":-0.7375422716140747,"z":0.18119272589683534,"w":0.6317585706710815},"size":2.116865634918213,"orthographic":false}