{"cameraMode":{"drawMode":0,"name":"Shaded","section":"Shading Mode"},"sceneLighting":false,"audioPlay":false,"sceneViewState":{"showFog":true,"showMaterialUpdate":false,"showSkybox":false,"showFlares":false,"showImageEffects":false,"showParticleSystems":true},"in2DMode":false,"pivot":{"x":0.5,"y":-0.04999999701976776,"z":0.5000000596046448},"rotation":{"x":0.22899556159973145,"y":-0.6693570017814636,"z":0.2292722463607788,"w":0.6685518622398377},"size":2.3392789363861086,"orthographic":false}