{"cameraMode":{"drawMode":0,"name":"Shaded","section":"Shading Mode"},"sceneLighting":true,"audioPlay":false,"sceneViewState":{"showFog":true,"showMaterialUpdate":false,"showSkybox":true,"showFlares":false,"showImageEffects":false,"showParticleSystems":true},"in2DMode":false,"pivot":{"x":-3.880000114440918,"y":3.7300000190734865,"z":-7.1100006103515629},"rotation":{"x":0.11432377249002457,"y":-0.07443568855524063,"z":0.008590485900640488,"w":0.9906131625175476},"size":143.47164916992188,"orthographic":false}