{"cameraMode":{"drawMode":0,"name":"Shaded","section":"Shading Mode"},"sceneLighting":true,"audioPlay":false,"sceneViewState":{"showFog":true,"showMaterialUpdate":false,"showSkybox":true,"showFlares":false,"showImageEffects":false,"showParticleSystems":true},"in2DMode":false,"pivot":{"x":-0.16527748107910157,"y":3.2022876739501955,"z":1.6186634302139283},"rotation":{"x":0.15850645303726197,"y":0.8185752630233765,"z":0.26917144656181338,"w":-0.4820391535758972},"size":4.629489898681641,"orthographic":false}