{"cameraMode":{"drawMode":0,"name":"Shaded","section":"Shading Mode"},"sceneLighting":false,"audioPlay":false,"sceneViewState":{"showFog":true,"showMaterialUpdate":false,"showSkybox":false,"showFlares":false,"showImageEffects":false,"showParticleSystems":true},"in2DMode":false,"pivot":{"x":0.37068939208984377,"y":1.1963980197906495,"z":-0.04227447509765625},"rotation":{"x":-0.0027098474092781545,"y":-0.9957382678985596,"z":0.08684879541397095,"w":-0.031081413850188257},"size":70.23922729492188,"orthographic":false}