{"cameraMode":{"drawMode":0,"name":"Shaded","section":"Shading Mode"},"sceneLighting":true,"audioPlay":false,"sceneViewState":{"showFog":true,"showMaterialUpdate":false,"showSkybox":true,"showFlares":false,"showImageEffects":false,"showParticleSystems":true},"in2DMode":false,"pivot":{"x":-6.380458831787109,"y":2.5521531105041506,"z":-11.90999984741211},"rotation":{"x":0.4690876305103302,"y":-0.26708629727363589,"z":0.15129882097244264,"w":0.8280932903289795},"size":20.494583129882814,"orthographic":false}