{"cameraMode":{"drawMode":0,"name":"Shaded","section":"Shading Mode"},"sceneLighting":true,"audioPlay":false,"sceneViewState":{"showFog":true,"showMaterialUpdate":false,"showSkybox":true,"showFlares":false,"showImageEffects":false,"showParticleSystems":true},"in2DMode":false,"pivot":{"x":-15.847738265991211,"y":8.737078666687012,"z":-6.374690055847168},"rotation":{"x":0.042074207216501239,"y":-0.5083724856376648,"z":0.02487887628376484,"w":0.8597514033317566},"size":32.00492477416992,"orthographic":false}