{"cameraMode":{"drawMode":0,"name":"Shaded","section":"Shading Mode"},"sceneLighting":false,"audioPlay":false,"sceneViewState":{"showFog":true,"showMaterialUpdate":false,"showSkybox":false,"showFlares":false,"showImageEffects":false,"showParticleSystems":true},"in2DMode":false,"pivot":{"x":-1.012528657913208,"y":9.422775268554688,"z":-8.394753456115723},"rotation":{"x":0.2104262113571167,"y":-0.05861583724617958,"z":0.012640560045838356,"w":0.9757697582244873},"size":14.459421157836914,"orthographic":false}